part_number,vehicle_ids
10 1500,158
10 1510,158
10 7200,"286, 294"
10 7210,"286, 294"
10 7230,"289, 297"
10 7400,312
10 7405,"302, 308, 318"
10 7410,312
10 7415,"302, 308, 318"
10 8000,"164, 2719"
10 8040,"171, 2575, 3187, 3190"
10 8200,"175, 188, 2735, 2741, 3203, 3212, 3221"
10 8210,"175, 188, 2735, 2741, 2746, 2749, 3203, 3212, 3221"
10 8250,"183, 196"
10 8400,"224, 238, 266"
10 8410,"224, 238"
10 8411,"224, 238"
10 8420,"224, 238"
10 8421,"224, 238"
100 4000,1660
100 4010,1663
100 4020,1666
100 4030,"1164, 1669"
11 7050,39
11 7050-1,45
11 7051,39
11 7051-1,"45, 56"
11 7200,"51, 64, 98"
1120-0080,"3234, 3251"
1120-0080A,"3234, 3251"
1120-0081,"3234, 3251"
1120-0081A,"3234, 3251"
1120-0082,3251
1120-0082A,3251
1120-0083,3240
1120-0084,3240
1120-0085,"3234, 3251"
1120-0085A,"3234, 3251"
1120-0086,"3234, 3251"
1120-0086A,"3234, 3251"
1120-0087,"3234, 3251"
1120-0087A,"3234, 3251"
1120-0088,3240
1120-0089,3240
1120-0121,1241
1120-0121A,1241
1120-0122A,1243
1120-0123A,1244
1120-0181,"2503, 2518"
1120-0182,"2503, 2518"
1120-0183,2525
1120-0184,2525
1120-0540A,1173
1120-0540B,1173
1120-0541,"1171, 1173"
1120-0541A,"1171, 1173"
1120-0541B,1173
1120-0542,"5, 7, 9, 11, 14, 15, 1171, 1173"
1120-0542A,"5, 7, 9, 11, 14, 15, 1171, 1173"
1120-0542B,"5, 7, 9, 11, 14, 15, 1171, 1173"
1120-0611,312
1120-0611A,312
1120-0612,"302, 308, 318"
1120-0612A,"302, 308, 318"
1120-0613,312
1120-0613A,312
1120-0614,"302, 308, 318"
1120-0614A,"302, 308, 318"
1120-0731,2630
1120-0731A,2630
1120-0732,2630
1120-0733,2626
1120-0734,2626
1120-0901A,"1861, 1885, 1888, 1910, 1913"
1120-0901B,"1861, 1885, 1888, 1910, 1913"
1120-1241,2729
1120-1241A,2729
1120-1242,2730
1120-1242A,2730
1120-1311,"92, 3000, 3001, 3003"
1120-1311A,"92, 1214, 3000, 3001, 3003"
1120-1312,"92, 2992, 3000, 3001, 3003"
1120-1312A,"92, 1214, 2992, 3000, 3001, 3003"
1120-1313,1214
1120-1313A,1214
1120-1314,1214
1120-1314A,1214
1120-1351,1666
1120-1351A,1666
1120-1761,"2532, 2581, 2585, 3217"
1120-1761A,"2532, 2581, 2585, 3217"
1120-1761B,3217
1120-1762,2532
1120-1762A,2532
1120-1821,1250
1120-1821A,1250
1120-1822,1250
1120-1822A,1250
1120-1827,1259
1120-1827A,1259
1120-1869A,"719, 749"
1120-1869B,719
1120-1870A,"736, 762"
1120-1870B,"719, 736"
1120-1871,"719, 749"
1120-1871A,"719, 749"
1120-1871B,"719, 749"
1120-1872,"736, 762"
1120-1872A,"736, 762"
1120-1872B,"736, 762"
1120-1873,"587, 590, 593"
1120-1873A,"587, 590, 593"
1120-1875,"719, 749"
1120-1875A,"719, 749"
1120-1876,"736, 762"
1120-1876A,"736, 762"
1120-2271,"183, 196"
1120-2271A,"183, 196"
1120-2611,"175, 188, 2735, 2741, 3203, 3212, 3221"
1120-2611A,"175, 188, 2735, 2741, 3203, 3212, 3221"
1120-2612,"175, 188, 2735, 2741, 2746, 2749, 3203, 3212, 3221"
1120-2612A,"175, 188, 2735, 2741, 2746, 2749, 3203, 3212, 3221"
1120-2613,"175, 188, 2735, 2741, 3203, 3212, 3221"
1120-2613A,"175, 188, 2735, 2741, 3203, 3212, 3221"
1120-2614,"175, 188, 2735, 2741, 3203, 3212, 3221"
1120-2614A,"175, 188, 2735, 2741, 3203, 3212, 3221"
1120-3050A,2528
1120-3051A,"2528, 2578"
1120-3171,1239
1120-3171A,1239
1120-3172,1240
1120-3172A,1240
1120-3331,2506
1120-3331A,2506
1120-3332,2506
1120-3332A,2506
1120-3432,"1856, 1878, 1881, 1903, 1906"
1120-3432A,1856
1120-3433A,"1878, 1881, 1903, 1906"
1120-3601,"37, 77"
1120-3602,"37, 77"
1120-3681,"289, 297"
1120-3681A,"289, 297"
1120-3681B,289
1120-3682,"289, 297"
1120-3682A,"289, 297"
1120-3691,"286, 294"
1120-3691A,"286, 294"
1120-3691B,"286, 297"
1120-3692,"286, 294"
1120-3692A,"286, 294"
1120-3761,2999
1120-3761A,2999
1120-3762,"2996, 2999"
1120-3762A,"2996, 2999"
1120-3881,158
1120-3881A,158
1120-3882,158
1120-3882A,158
1120-4091,"2633, 2636"
1120-4091A,"2633, 2636"
1120-4092,"2633, 2636"
1120-4092A,"2633, 2636"
1120-4191,716
1120-4191A,716
1120-4192,716
1120-4381,3185
1120-4381A,3185
1120-4382,"171, 2575, 3187, 3190"
1120-4382A,"171, 2575, 3187, 3190"
1120-4391,3193
1120-4391A,3193
1120-4392,3193
1120-4392A,3193
1120-4841,"697, 703"
1120-4841A,"697, 703"
1120-4841B,703
1120-4851,"694, 706"
1120-4851A,"694, 706"
1120-4851B,706
1120-4871,1663
1120-4871A,1663
1120-5051,"39, 45"
1120-5051A,39
1120-5052,"39, 45"
1120-5052A,39
1120-5053A,45
1120-5054A,45
1120-5261,"2528, 3180"
1120-5261A,3180
1120-5262,"2528, 2578, 3180, 3199"
1120-5262A,"3180, 3199"
1120-5403,3146
1120-5403A,3146
1120-5404,"3140, 3146"
1120-5404A,"3140, 3146"
1120-5412,"3149, 3155"
1120-5412A,"3149, 3155"
1120-6010-1A,3166
1120-6010A,3162
1120-6011-1A,3166
1120-6011A,3162
1120-6322,3155
1120-6322A,3155
1120-7421,853
1120-7421A,853
1120-7423,853
1120-7423A,853
1120-7424,853
1120-7424A,853
1120-7641,853
1120-7671,"164, 2719"
1120-7671A,"164, 2719"
1120-7672,"164, 2719"
1120-7672A,"164, 2719"
1120-7673,2714
1120-7673A,2714
1120-7674,2714
1120-7674A,2714
1120-7800-1A,210
1120-7800-2A,210
1120-7810-1A,210
1120-7810-2A,210
1120-7811-1A,210
1120-7811-2A,210
1120-7820-1A,210
1120-7820-2A,210
1120-7821-1A,210
1120-7821-2A,210
1120-8391,1660
1120-8391A,1660
1120-8400-1A,"224, 238"
1120-8400-2A,"224, 238, 266"
1120-8403,3273
1120-8403-1,3273
1120-8404,3273
1120-8404-1,3273
1120-8405,3273
1120-8405-1,3286
1120-8406,3273
1120-8406-1,3286
1120-8410-1A,"224, 238"
1120-8410-2A,"224, 238"
1120-8411-1A,"224, 238"
1120-8411-2A,"224, 238"
1120-8420-1A,"224, 238"
1120-8420-2A,"224, 238"
1120-8421-1A,"224, 238"
1120-8421-2A,"224, 238"
1120-8431,"2540, 2595, 3258"
1120-8431-1,"2540, 2595, 3258"
1120-8431-1A,"2540, 2595, 3258"
1120-8431A,"2540, 2595, 3258"
1120-8432,"2540, 2595, 3258"
1120-8432-1,"2540, 2595, 3258"
1120-8432-1A,"2540, 2595, 3258"
1120-8432A,"2540, 2595, 3258"
1120-8433,"2540, 2595, 3258"
1120-8433-1,"2540, 2595, 3258"
1120-8433-1A,"2540, 2595, 3258"
1120-8433-1B,3258
1120-8433A,"2540, 2595, 3258"
1120-8433B,3258
1120-8434,"2540, 2595, 3258"
1120-8434-1,"2540, 2595, 3258"
1120-8434-1A,"2540, 2595, 3258"
1120-8434A,"2540, 2595, 3258"
1120-8435,"2540, 2595, 3258"
1120-8435-1,"2540, 2595, 3258"
1120-8435-1A,"2540, 2595, 3258"
1120-8435A,"2540, 2595, 3258"
1120-8436,"2540, 2595, 3258"
1120-8436-1,"2540, 2595, 3258"
1120-8436-1A,3258
1120-8436A,3258
1120-8500A,1257
1120-8510A,1257
1120-8520A,1257
1120-8722-1A,"3174, 3178"
1120-8722A,"3172, 3176"
1120-8878-1,775
1120-8878-2,775
1120-8878-3,"789, 801"
1120-8878-4,"789, 801"
1120-8896-1,598
1120-9441,150
1120-9442,150
1120-9881,"3244, 3247"
1120-9881A,"3244, 3247"
1120-9881B,3247
1130-0800A,"3550, 3562, 3568, 3573"
1130-0801A,"3550, 3562, 3573"
1130-0810A,"3550, 3562, 3568, 3573"
1130-0811A,"3550, 3562, 3573"
1130-0820A,"3550, 3556, 3562, 3568, 3573"
1130-0821A,"3550, 3556, 3562, 3568, 3573"
1130-0830A,"3550, 3556, 3562, 3568, 3573"
1130-0831A,"3550, 3556, 3562, 3568, 3573"
1135-0540A,1173
1135-0540B,1173
1135-0541A,"1171, 1173"
1135-0541B,1173
1135-0542A,"5, 7, 9, 11, 14, 15, 1171, 1173"
1135-0542B,"5, 7, 9, 11, 14, 15, 1171, 1173"
1135-0611A,312
1135-0612A,"302, 308, 318"
1135-0613A,312
1135-0614A,"302, 308, 318"
1135-0800A,"3550, 3562, 3568, 3573"
1135-0801A,"3550, 3562, 3573"
1135-0810A,"3550, 3562, 3568, 3573"
1135-0811A,"3550, 3562, 3573"
1135-0820A,"3550, 3556, 3562, 3568, 3573"
1135-0821A,"3550, 3556, 3562, 3568, 3573"
1135-0830A,"3550, 3556, 3562, 3568, 3573"
1135-0831A,"3550, 3556, 3562, 3568, 3573"
1135-0901B,"1861, 1864, 1885, 1888, 1910, 1913"
1135-1241A,2729
1135-1242A,2730
1135-1311A,"3000, 3001, 3003"
1135-1312A,"2992, 3000, 3001, 3003"
1135-1460A,"729, 759"
1135-1465A,"745, 771"
1135-1470A,"729, 759"
1135-1475A,"745, 771"
1135-1761A,"2532, 2581, 2585, 3217"
1135-1761B,3217
1135-1869A,"719, 749"
1135-1869B,719
1135-1870A,"736, 762"
1135-1870B,"719, 736"
1135-1871A,"719, 749"
1135-1871B,"719, 749"
1135-1872A,"736, 762"
1135-1872B,"736, 762"
1135-1875A,"719, 749"
1135-1876A,"736, 762"
1135-2271A,"183, 196"
1135-2551A,867
1135-2552A,867
1135-2553A,867
1135-2554A,867
1135-2611A,"175, 188"
1135-2612A,"175, 188"
1135-2613A,"175, 188"
1135-2614A,"175, 188"
1135-3051A,2528
1135-3432A,1856
1135-3433A,"1879, 1881, 1904, 1906"
1135-3681A,"289, 297"
1135-3681B,"289, 297"
1135-3691A,"286, 294"
1135-3691B,"286, 297"
1135-3881A,158
1135-3882A,158
1135-4030A,1164
1135-4382A,171
1135-4841B,703
1135-4851A,706
1135-4851B,706
1135-4852A,706
1135-5051A,39
1135-5052A,39
1135-5053A,45
1135-5054A,45
1135-5055A,56
1135-5261A,3180
1135-5262A,"3180, 3199"
1135-7671A,164
1135-7800-1A,210
1135-7800-2A,210
1135-7810-1A,210
1135-7810-2A,210
1135-7811-1A,210
1135-7811-2A,210
1135-7820-1A,210
1135-7820-2A,210
1135-7821-1A,210
1135-7821-2A,210
1135-8400-1A,"224, 238"
1135-8400-2A,"224, 238"
1135-8401A,"3289, 3294"
1135-8402A,"3289, 3294"
1135-8410-1A,"224, 238"
1135-8410-2A,"224, 238"
1135-8411-1A,"224, 238"
1135-8411-2A,"224, 238"
1135-8420-1A,"224, 238"
1135-8420-2A,"224, 238"
1135-8421-1A,"224, 238"
1135-8421-2A,"224, 238"
1135-8431-1A,3258
1135-8431A,3258
1135-8432-1A,3258
1135-8432A,3258
1135-8433-1A,3258
1135-8433-1B,3258
1135-8433A,3258
1135-8433B,3258
1135-8434-1A,3258
1135-8434A,3258
1135-8435-1A,3258
1135-8435A,3258
1135-8436-1A,3258
1135-8436A,3258
1135-8878-1A,775
1135-8878-2A,775
1135-8878-3A,"789, 801"
1135-8878-4A,"789, 801"
1135-9881A,"3244, 3247"
1135-9881B,3247
1140-0080,"3234, 3251"
1140-0080A,"3234, 3251"
1140-0081,"3234, 3251"
1140-0081A,"3234, 3251"
1140-0082,"3234, 3251"
1140-0082A,"3234, 3251"
1140-0083,3240
1140-0084,3240
1140-0085,"3234, 3251"
1140-0085A,"3234, 3251"
1140-0086,"3234, 3251"
1140-0086A,"3234, 3251"
1140-0087,"3234, 3251"
1140-0087A,"3234, 3251"
1140-0088,3240
1140-0089,3240
1140-0181,"2503, 2518"
1140-0181A,"2503, 2518"
1140-0182,"2503, 2518"
1140-0183,2525
1140-0183A,2525
1140-0184,2525
1140-0611,312
1140-0611A,312
1140-0612,"302, 308, 318"
1140-0612A,"302, 308, 318"
1140-0613,312
1140-0613A,312
1140-0614,"302, 308, 318"
1140-0614A,"302, 308, 318"
1140-0731,2630
1140-0731A,2630
1140-0732,2630
1140-0733,2626
1140-0734,2626
1140-0735,2651
1140-0736,2650
1140-0800A,"3550, 3562, 3568, 3573"
1140-0801A,"3550, 3562"
1140-0810A,"3550, 3562, 3568, 3573"
1140-0811A,"3550, 3562"
1140-0820A,"3550, 3556, 3562, 3568, 3573"
1140-0821A,"3550, 3556, 3562, 3568"
1140-0830A,"3550, 3556, 3562, 3568, 3573"
1140-0831A,"3550, 3556, 3562, 3568"
1140-0901,"1861, 1864, 1885, 1888, 1910, 1913, 1919, 1920, 1922, 1926"
1140-0901A,"1861, 1864, 1885, 1888, 1910, 1913, 1919, 1920, 1922, 1926"
1140-0901B,"1861, 1885, 1910"
1140-1241,2729
1140-1241A,2729
1140-1242,2730
1140-1242A,2730
1140-1351,1666
1140-1351A,1666
1140-1361,"51, 64, 98"
1140-1361A,"51, 64, 98"
1140-1362,"52, 64"
1140-1362A,"52, 64"
1140-1363,52
1140-1363A,52
1140-1364,"51, 64"
1140-1364A,"51, 64"
1140-1460A,"729, 759"
1140-1465A,"745, 771"
1140-1470A,"729, 759"
1140-1475A,"745, 771"
1140-1761,"2532, 2581, 2585, 3217"
1140-1761A,"2532, 2581, 2585, 3217"
1140-1761B,3217
1140-1762,2532
1140-1762A,2532
1140-1763,3226
1140-1763A,3226
1140-1821A,1250
1140-1822A,1250
1140-1825,1245
1140-1826,1245
1140-1827,1259
1140-1827A,1259
1140-1869A,"719, 749"
1140-1869B,719
1140-1870A,"736, 762"
1140-1870B,"719, 736"
1140-1871,"719, 749"
1140-1871A,"719, 749"
1140-1871B,"719, 749"
1140-1872,"736, 762"
1140-1872A,"736, 762"
1140-1872B,736
1140-1873,"587, 590, 593"
1140-1873A,"587, 590, 593"
1140-1875,"719, 749"
1140-1875A,"719, 749"
1140-1876,"736, 762"
1140-1876A,"736, 762"
1140-2271,"183, 196"
1140-2271A,"183, 196"
1140-2551,867
1140-2551A,867
1140-2552,867
1140-2552A,867
1140-2553,867
1140-2553A,867
1140-2554,867
1140-2554A,867
1140-2611,"175, 188, 2735, 2741, 3203, 3212, 3221"
1140-2611A,"175, 188, 2735, 2741, 3203, 3212, 3221"
1140-2612,"175, 188, 2735, 2741, 2746, 2749, 3203, 3212, 3221"
1140-2612A,"175, 188, 2735, 2741, 2746, 2749, 3203, 3212, 3221"
1140-2613,"175, 188, 2735, 2741, 3203, 3212, 3221"
1140-2613A,"175, 188, 2735, 2741, 3203, 3212, 3221"
1140-2614,"175, 188, 2735, 2741, 3203, 3212, 3221"
1140-2614A,"175, 188, 2735, 2741, 3203, 3212, 3221"
1140-3050A,2528
1140-3051A,"2528, 2578"
1140-3331,2506
1140-3331A,2506
1140-3332,"2506, 2522"
1140-3332A,"2506, 2522"
1140-3333,"2513, 2519"
1140-3333A,"2513, 2519"
1140-3432,"1856, 1877, 1881, 1902, 1906"
1140-3432A,"1856, 1877"
1140-3433A,"1881, 1902, 1906"
1140-3601,"37, 77"
1140-3602,"37, 77"
1140-3603,"55, 77"
1140-3681,"289, 297"
1140-3681A,"289, 297"
1140-3681B,289
1140-3682,"289, 297"
1140-3682A,"289, 297"
1140-3691,"286, 294"
1140-3691A,"286, 294"
1140-3691B,"286, 297"
1140-3692,"286, 294"
1140-3692A,"286, 294"
1140-3881,158
1140-3881A,158
1140-3882,158
1140-3882A,158
1140-4030A,"1164, 1669"
1140-4091,"2633, 2636"
1140-4091A,"2633, 2636"
1140-4092,"2633, 2636, 2652"
1140-4092A,"2633, 2636, 2652"
1140-4191,716
1140-4191A,716
1140-4192,716
1140-4310,3292
1140-4381,3185
1140-4381A,3185
1140-4382,"171, 2575, 3187, 3190"
1140-4382A,"171, 2575, 3187, 3190"
1140-4391,3193
1140-4391A,3193
1140-4392,3193
1140-4392A,3193
1140-4841,"697, 703"
1140-4841A,"697, 703"
1140-4841B,703
1140-4851,"694, 706"
1140-4851A,"694, 706"
1140-4852,706
1140-4852A,706
1140-4871,1663
1140-4871A,1663
1140-5051,"39, 45"
1140-5051A,39
1140-5052,"39, 45"
1140-5052A,39
1140-5053A,45
1140-5054A,45
1140-5055A,56
1140-5261,"2528, 3180"
1140-5261A,3180
1140-5262,"2528, 2578, 3180, 3199"
1140-5262A,"3180, 3199"
1140-5403,3146
1140-5403A,3146
1140-5404,"3140, 3146"
1140-5404A,"3140, 3146"
1140-5412,"3149, 3155"
1140-5412A,"3149, 3155"
1140-6010-1A,3166
1140-6010A,3162
1140-6011-1A,3166
1140-6011A,3162
1140-6322,3155
1140-6322A,3155
1140-7010A,2583
1140-7641,853
1140-7671,"164, 2719"
1140-7671A,"164, 2719"
1140-7672,"164, 2719"
1140-7672A,"164, 2719"
1140-7673,2714
1140-7673A,2714
1140-7674,2714
1140-7674A,2714
1140-7791,2377
1140-7800-1A,210
1140-7800-2A,210
1140-7810-1A,210
1140-7810-2A,210
1140-7811-1A,210
1140-7811-2A,210
1140-7820-1A,210
1140-7820-2A,210
1140-7821-1A,210
1140-7821-2A,210
1140-8131,"2324, 2328"
1140-8161,3296
1140-8162,3298
1140-8391,1660
1140-8391A,1660
1140-8400-1A,"224, 238"
1140-8400-2A,"224, 238"
1140-8401,"3289, 3294"
1140-8401A,"3289, 3294"
1140-8402,"3289, 3294"
1140-8402A,"3289, 3294"
1140-8403,3273
1140-8403-1,3273
1140-8404,3273
1140-8404-1,3273
1140-8405,3273
1140-8405-1,3286
1140-8406,3273
1140-8406-1,3286
1140-8410-1A,"224, 238"
1140-8410-2A,"224, 238"
1140-8411-1A,"224, 238"
1140-8411-2A,"224, 238"
1140-8420-1A,"224, 238"
1140-8420-2A,"224, 238"
1140-8421-1A,"224, 238"
1140-8421-2A,"224, 238"
1140-8431,"2540, 2595, 3258"
1140-8431-1,"2540, 2595, 3258"
1140-8431-1A,"2540, 2595, 3258"
1140-8431A,"2540, 2595, 3258"
1140-8432,"2540, 2595, 3258"
1140-8432-1,"2540, 2595, 3258"
1140-8432-1A,"2540, 2595, 3258"
1140-8432A,"2540, 2595, 3258"
1140-8433,"2540, 2595, 3258"
1140-8433-1,"2540, 2595, 3258"
1140-8433-1A,"2540, 2595, 3258"
1140-8433-1B,3258
1140-8433A,"2540, 2595, 3258"
1140-8433B,3258
1140-8434,"2540, 2595, 3258"
1140-8434-1,"2540, 2595, 3258"
1140-8434-1A,"2540, 2595, 3258"
1140-8434A,"2540, 2595, 3258"
1140-8435,"2540, 2595, 3258"
1140-8435-1,"2540, 2595, 3258"
1140-8435-1A,"2540, 2595, 3258"
1140-8435A,"2540, 2595, 3258"
1140-8436,"2540, 2595, 3258"
1140-8436-1,"2540, 2595, 3258"
1140-8436-1A,"2540, 2595, 3258"
1140-8436A,"2540, 2595, 3258"
1140-8722-1A,"3174, 3178"
1140-8722A,"3172, 3176"
1140-8832-1,788
1140-8832-2,799
1140-8835,598
1140-8835-1,609
1140-8835-2,"602, 612"
1140-8878-1,775
1140-8878-1A,775
1140-8878-2,775
1140-8878-2A,775
1140-8878-3,"789, 801"
1140-8878-3A,"789, 801"
1140-8878-4,"789, 801"
1140-8878-4A,"789, 801"
1140-8896-1,"598, 609"
1140-9135-1,1164
1140-9273,1253
1140-9274,1253
1140-9441,150
1140-9442,150
1140-9481,3256
1140-9881,"3244, 3247"
1140-9881A,"3244, 3247"
1140-9881B,3247
1200-1010,1669
1250-1001,"3258, 3289, 3294, 3296"
130 2200,"2503, 2518, 2525"
130 3050,"2528, 3180"
130 3051,"2528, 2578, 2583, 3180, 3199"
130 3200,"2532, 2581, 2585, 3217"
20 1200,"694, 697, 703, 706"
20 1250,716
20 1400,"719, 749"
20 1420,"587, 590, 593"
20 1430,"736, 762"
20 1440,"719, 749"
20 1445,"736, 762"
20 1450,"719, 749"
20 1455,"736, 762"
20 1460,"729, 759"
20 1465,"745, 771"
20 1470,"729, 759"
20 1475,"745, 771"
20 1600,775
20 1610,775
20 1630,"789, 801"
20 1640,"789, 801"
20 2050,853
20 2200,867
20 2210,867
25 2000,"1856, 1879, 1881, 1904, 1906"
25 2000-1,"1856, 1877, 1878, 1881, 1902, 1903, 1906"
25 2200,"1861, 1864, 1885, 1888, 1910, 1913, 1919, 1920, 1922, 1926"
25 2500,"1865, 1873, 1889, 1897"
25 2700,"1865, 1873, 1889, 1897, 1898, 1927"
25 2900,"1869, 1893"
25 3100,"1893, 1929"
25 3300,"1898, 1931"
26-1089,"1517, 1518, 1519, 1520"
26-1209SPORT,2320
28832-1,788
28840-1,"3289, 3294"
28840-2,"3289, 3294"
28878-1,775
28878-2,775
28878-3,"789, 801"
28878-4,"789, 801"
28896-1,"598, 609"
28988-1,"3244, 3247"
29008-0,"3234, 3251"
29008-4,3240
29018-1,"2503, 2518"
29054-2,"5, 7, 9, 11, 14, 15, 1171, 1173"
29061-2,"302, 308, 318"
29073-1,2630
29124-1,"2729, 2730"
29131-1,"92, 1214, 3000, 3001, 3003"
29131-2,"92, 1214, 2992, 3000, 3001, 3003"
29135-1,1666
29176-1,"2532, 2581, 2585, 3217"
29176-2,3226
29182-7,1259
29187-1,"587, 590, 593, 719, 749"
29187-2,"736, 762"
29187-5,"719, 749"
29187-6,"736, 762"
29255-1,867
29255-2,867
29255-3,867
29255-4,867
29261-1,"175, 188, 312, 2735, 2741, 3203, 3212, 3221"
29261-2,"175, 188, 2735, 2741, 2746, 2749, 3203, 3212, 3221"
29333-1,2506
29333-3,"2513, 2519"
29343-2,"1856, 1878, 1881, 1903, 1906"
29360-1,"37, 77"
29368-2,"289, 297"
29369-1,"286, 294"
29369-2,"286, 294"
29376-1,2999
29376-2,"2996, 2999"
29438-1,"171, 2575, 3185, 3187, 3190"
29484-1,"697, 703"
29485-1,"694, 706"
29487-1,1663
29526-1,"2528, 3180"
29526-2,"2528, 2578, 3180, 3199"
29540-3,3146
29540-4,"3140, 3146"
29541-1,"3149, 3155"
29632-1,3155
29767-1,"164, 2714, 2719"
29767-2,"164, 2714, 2719"
29779-1,2377
29839-1,1660
30 5200,"1171, 1173"
30 5230,"5, 7, 9, 11, 14, 15, 1171, 1173"
30 6200,"1214, 3000, 3001, 3003"
30 6210,"1214, 2992, 3000, 3001, 3003"
30-1090,"1517, 1518, 1519, 1520"
30-1311,"1562, 1576, 1585, 1591, 1598, 1603"
30-1311SP1,"1562, 1576, 1585, 1591, 1598"
30-1312,"1562, 1576, 1585, 1598, 1603"
30-1312SP1,"1562, 1576, 1585, 1598"
30-1608SPORT,"84, 86, 88, 90, 97"
30-1615,1591
30-1615SP1,1591
40 4200,1239
40 4210,1240
40 4300,"1241, 1243, 1244"
40 8210,1250
40 8220,1259
40 8500,1257
40 8510,1257
40 8520,1257
60 15000,"92, 1214, 3000, 3001, 3003"
60 15010,"92, 1214, 2992, 3000, 3001, 3003"
60 9050,"2996, 2999"
80 0800,"3550, 3562, 3568, 3573"
80 0810,"3550, 3562, 3568, 3573"
80 0820,"3550, 3556, 3562, 3568, 3573"
80 0830,"3550, 3556, 3562, 3568, 3573"
80 1000,"3140, 3146"
80 2000,"3149, 3155"
80 2010,3155
80 6010,"3162, 3172, 3176"
80 6010-1,"3166, 3174, 3178"
80 7000,"2714, 2729"
80 7030,3193
80 7040,"164, 2714, 2719, 2729, 2730, 3193"
80 7060,3193
80 7061,3193
80 7070,3185
80 7080,3185
80 7240,3226
80 7250,"2532, 2581, 2585, 3217"
80 7600,"3234, 3251"
80 7610,"3234, 3251"
80 7650,"3234, 3244, 3247, 3251"
80 7800,"210, 2540, 2595, 3258"
80 7810,"210, 2540, 2595, 3258"
80 7811,"210, 2540, 2595, 3258"
80 7820,"210, 2540, 2595, 3258"
80 7821,"210, 2540, 2595, 3258"
80 7850,"3289, 3294"
80 7851,"3289, 3294"
80 9000,"2506, 2633, 2636"
80 9010,"2506, 2522, 2633, 2636, 2652"
80 9050,"2513, 2519"
80 9200,2630
80-1039,"67, 70, 71, 73"
80-1105,1521
80-1193,"67, 70, 71, 73"
80-1244SP1,"1849, 1850, 1851, 1852, 1853, 1854"
80-1307,1166
80-1308,1166
80-1491SPA1,"1507, 1508"
80-1551,"69, 95"
80-1551SPORT,"69, 93, 95"
80-1675,"578, 581, 582, 583, 2439"
80-1675SPORT,"578, 2439"
80-1717,"578, 2439"
80-1781,"69, 95"
80-1781SPORT,"69, 93, 95"
80-1794,"578, 581, 582, 583, 2439"
80-1794SPORT,"578, 2439"
80-1795,"578, 2439"
80-2215,"1509, 1510"
80-2216,"1509, 1510"
80-2241SPORT,"59, 60, 74, 81"
80-2242SPORT,"59, 60, 74, 81"
80-2542SPORT,"3149, 3155, 3162, 3166"
80-2570SPORT,"60, 81"
80-2571SPORT,"60, 81"
80-2587SPORT,"3152, 3155, 3161, 3162, 3166, 3172, 3174, 3176, 3178"
80-2716,"1849, 1850, 1851, 1852, 1853, 1854"
80-2761SPORT,"164, 2528, 2578, 2583, 2719, 2729, 3180, 3199"
80-2806SPORT,"167, 171, 2575, 3185, 3187, 3190, 3195"
80-2815SPORT,"2714, 2730, 3193"
80-2830SPORT,"150, 158, 2503, 2506, 2510, 2513, 2518, 2519, 2522, 2525, 2626, 2630, 2633, 2636, 2638, 2641, 2650, 2651, 2652"
80-2859SPORT,"175, 183, 188, 196, 2532, 2581, 2585, 2735, 2741, 2746, 2749, 3203, 3207, 3212, 3217, 3221, 3234, 3240, 3244, 3247, 3251"
8040-1035SPORT,"2320, 2321, 2373, 2374, 2375"
8040-1250SPORT,706
8040-1271SPORT,"694, 697, 703, 706, 716"
8040-1283SPORT,"286, 289, 293, 294, 297"
8040-1343SPORT,"712, 718"
8040-1351SPORT,"1253, 1254"
8040-1352SPORT,"3226, 3256"
8040-1353SPORT,"1250, 1259"
8040-1371SPORT,"173, 3227"
8040-1390SPORT,"302, 308, 312"
8040-1402SPORT,"302, 308, 312, 318"
8040-1433SPORT,"1261, 1262"
8041-1101SPORT,"3140, 3145, 3146"
8041-1203SPORT,1660
8041-1204SPORT,1660
8041-1239SPORT,"37, 39, 45, 55, 56, 77"
8041-1251SPORT,1663
8041-1252SPORT,1663
8041-1257SPORT,17
8041-1258SPORT,17
8041-1293SPORT,"1856, 1875, 1877, 1881, 1902, 1906"
8045-1021,"37, 39, 45, 56, 77"
8045-1068,1250
8045-1070,"150, 158, 2503, 2506, 2508, 2518, 2525, 2626, 2630, 2633, 2636, 2638, 2641"
8045-1083,"164, 2528, 2578, 2714, 2719, 2729, 2730, 3180, 3199"
8045-1084,"175, 183, 188, 196, 2532, 2735, 2741, 3203, 3207, 3212, 3221, 3227, 3234, 3240, 3251, 3255"
8045-1085,"3226, 3256"
8045-1222,"302, 308, 312"
8045-1226,"173, 175, 183, 188, 196, 2581, 2585, 2746, 2749, 3217, 3227, 3244, 3247"
8045-1232,"1855, 1856, 1877, 1879, 1881, 1902, 1904, 1906"
8045-1246,"286, 289, 294, 297"
8045-1248,"5, 7, 9, 11, 14, 15, 1171, 1173"
8045-1249,"92, 1214, 2992, 3000, 3001, 3003"
8045-1265,"302, 308, 312, 318"
8045-1384,1660
8045-1385,1660
8045-1386,1663
8045-1387,1663
8045-1388,1164
8045-1389,1164
8050-1001,"164, 2528, 2578, 2581, 2719, 2729, 3180, 3199"
8050-1003,2504
8050-1005,"150, 158, 2503, 2506, 2510, 2518, 2525, 2626, 2630, 2633, 2636, 2638, 2641"
8050-1006,"175, 183, 188, 196, 2532, 2585, 2735, 2741, 2746, 2749, 3203, 3207, 3212, 3217, 3221, 3234, 3240, 3244, 3247, 3251"
8050-1007,"3149, 3155, 3162, 3166"
8050-1008,"3152, 3155, 3161, 3162, 3166, 3172, 3174, 3176, 3178"
8050-1010,"3140, 3145, 3146"
8050-1017,"2714, 2730, 3193"
8050-1019,"37, 39, 45, 56, 77"
8050-1027,2995
8050-1041,1660
8050-1042,1660
8050-1043,1663
8050-1044,1663
8050-1051,"694, 697, 703, 706, 716"
8050-1054,"2996, 2999"
8050-1055,"286, 289, 293, 294, 297"
8050-1086,"167, 171, 2575, 3185, 3187, 3190, 3195"
8050-1100,"1856, 1878, 1881, 1903, 1906"
8050-1103,"1239, 1240"
8050-1108,1250
8050-1109,1259
8050-1111,1214
8050-1113,"92, 1214"
8050-1113SP1,"2992, 3000, 3001, 3003"
8050-1130,"1241, 1242"
8050-1141,"302, 308, 312"
8050-1142,"302, 308, 312, 318"
8050-1146,"5, 7, 9, 11, 14, 15, 1171, 1173"
8050-1160,"1243, 1244"
8050-1165,"1257, 1258"
82-1019,"1511, 1515, 1516"
82-1027,"1512, 1513, 1514, 1522"
82-1044,1511
82-1081,"1512, 1513, 1514, 1515, 1522"
82-1107,1523
82-1232,"1507, 1508"
82-1388SP3,1848
82-1962,2350
82-2542,"3550, 3556, 3562, 3568, 3573, 3577"
82-2545,"1836, 1837, 1840, 1841"
82-2585,1810
82-2588,1810
82-2631,"1843, 1846"
82-2640,"1835, 1839"
82-2644,"1843, 1846"
82-2649,1819
82-2650,1819
82-2653,"3550, 3556, 3562, 3568"
8205-1006,"1193, 1195, 1200, 1202, 1204, 1209"
8205-1008,"1193, 1195, 1200, 1202, 1204, 1209"
8205-1009,"3550, 3556, 3562, 3568, 3573, 3577"
8205-1012,"1186, 1187, 1188, 1189, 1190, 1191"
8205-1393,"1834, 1838"
8210-1159SPORT,2350
8240-1156SPORT,853
8240-1178SPX,1595
8240-1179SPX,1595
8240-1181SPX,"1562, 1568, 1572, 1581, 1585, 1598, 1603"
8240-1182SPX,"1568, 1572, 1581"
8240-1185SPORT,"286, 289, 293, 294, 297"
8240-1190SPX,"1562, 1585, 1598, 1603"
8240-1219SPORT,867
8240-1231SPORT,"587, 590, 593"
8240-1236SPORT,"719, 729, 736, 745, 749, 759, 762, 771"
8240-1239SPORT,"51, 52, 64, 98"
8240-1261SPORT,"302, 308, 312"
8240-1279SPORT,"302, 308, 312, 318"
8240-1294SPORT,"598, 602, 609, 612, 775, 788, 789, 799, 801"
8240-1296SPORT,"210, 224, 238, 253, 266, 2540, 2548, 2588, 2595, 2661, 2673, 2688, 2698, 3258, 3273, 3300, 3312, 3324"
8240-1297SPORT,"210, 221, 224, 235, 238, 250, 253, 266, 278, 280, 2540, 2548, 2588, 2595, 2661, 2673, 2685, 2686, 2688, 2698, 3258, 3270, 3273, 3282, 3286, 3289, 3292, 3294, 3296, 3298, 3300, 3312, 3324, 3341"
8240-1298SPORT,"598, 602, 609, 612, 775, 789, 801"
8240-1306SPORT,"202, 207"
8240-1315SPORT,"153, 2499, 2514, 2644, 2647"
8240-1319SPORT,"321, 327, 333, 339"
8240-1328SPORT,"264, 277, 2695, 2696, 2697, 2705, 2707, 2709, 3337, 3339, 3343, 3345, 3347"
8241-1238SPORT,"51, 52, 64, 98"
8241-1243SPORT,1666
8241-1244SPORT,1666
8241-1252LSPORT,"1861, 1864, 1885, 1888, 1910, 1913, 1919, 1920, 1922, 1926, 1935, 1942, 1946"
8241-1272SPORT,"2324, 2328, 2332, 2352, 2354, 2356"
8241-1274SPORT,"2337, 2339, 2341, 2343, 2345, 2347, 2361, 2363, 2365"
8241-1304SPORT,"3, 1164, 1669"
8241-1305SPORT,"3, 1164, 1669"
8241-1316SPORT,"321, 327, 333, 339"
8241-1317SPORT,"321, 327, 333, 339"
8245-1004,867
8245-1008,"286, 289, 294, 297"
8245-1015,"587, 590, 593, 729, 745, 759, 771"
8245-1023,706
8245-1024,"694, 697, 703, 706, 716"
8245-1032,"167, 171, 2575, 3185, 3187, 3190, 3195"
8245-1041,875
8245-1054,853
8245-1056,863
8245-1094,"719, 736, 749, 762"
8245-1190L,"1861, 1864, 1885, 1888, 1910, 1913, 1919, 1920, 1922, 1926, 1935, 1942, 1946"
8245-1190R,"1861, 1864, 1885, 1888, 1910, 1913, 1919, 1920, 1922, 1926, 1935, 1942, 1946"
8245-1221,"302, 308, 312"
8245-1251,"2324, 2328, 2332, 2352, 2354, 2356"
8245-1253L,"2334, 2335, 2336, 2358, 2359, 2360"
8245-1255,"2337, 2339, 2341, 2343, 2345, 2347, 2361, 2363, 2365"
8245-1264,"302, 308, 312, 318"
8245-1319,"598, 602, 609, 612, 775, 788, 789, 799, 801"
8245-1326,"210, 224, 238, 253, 266, 2540, 2548, 2588, 2595, 2661, 2673, 2688, 2698, 3258, 3273, 3300, 3312, 3324"
8245-1327,"210, 221, 224, 235, 238, 250, 253, 266, 278, 280, 2540, 2548, 2588, 2595, 2661, 2673, 2688, 2698, 3258, 3270, 3273, 3282, 3286, 3289, 3292, 3294, 3296, 3298, 3300, 3312, 3324, 3341"
8245-1357,"598, 609, 775, 789, 801"
8245-1376,"1865, 1869, 1873, 1889, 1893, 1897, 1898, 1927, 1929, 1931"
8245-1380,"1956, 1957, 1958, 1959, 1960, 1961"
8245-1384,"202, 207"
8245-1396,"321, 327, 333, 339"
8245-1397,"321, 327, 333, 339"
8245-1398,"153, 2499, 2514, 2644, 2647"
8245-1403,"3282, 3336"
8245-1406,"321, 327, 333, 339"
8245-1407,"321, 327, 333, 339"
8245-1408,"1843, 1846"
8245-1409,"1843, 1846"
8245-1424,"1940, 1945, 1949, 1950"
8245-1432,"253, 264, 277, 2548, 2688, 2695, 2697, 2705, 2707, 2709, 3337, 3339, 3343, 3345, 3347"
8245-1436,1666
8245-1438L,"1657, 1658"
8245-1438R,"1657, 1658"
8245-1439,"1657, 1658"
8245-1441,"3, 1669"
8245-1442,"3, 1669"
8250-1011,"286, 289, 293, 294, 297"
8250-1021,853
8250-1024,"587, 590, 593"
8250-1026,"719, 736, 749, 762"
8250-1034,1666
8250-1035,1666
8250-1044,"210, 224, 238, 253, 266, 2540, 2548, 2588, 2595, 2661, 2673, 2688, 2698, 3258, 3273, 3300, 3312, 3324"
8250-1045,"598, 609, 775, 789, 801"
8250-1047,"302, 308, 312"
8250-1048,"302, 308, 312, 318"
8250-1050,"202, 207, 210, 221, 224, 235, 238, 250, 253, 266, 2540, 2548, 2588, 2595, 2661, 2673, 2688, 2698, 3258, 3270, 3273, 3282, 3286, 3289, 3300, 3312, 3324"
8250-1052L,72
8250-1058,"1865, 1869, 1873, 1889, 1893, 1897, 1898, 1927, 1929, 1931"
8250-1061,"1861, 1864, 1885, 1888, 1910, 1913, 1919, 1920, 1922, 1926, 1935, 1942, 1946"
8250-1063L,"1951, 1952, 1953, 1954, 1955, 1962"
86-1942,2350
86-1943,2350
86-1980,2320
8641-1038SPORT,2320
8641-1039SPORT,2350
8641-1048SPORT,"3140, 3145, 3146"
8641-1198SPORT,"3152, 3153"
8641-1414SPORT,"2320, 2321, 2373, 2374, 2375"
8650-1005,"3140, 3145, 3146"
87-2645,"3550, 3556, 3562, 3568"
87-2656,"1810, 1819"
87-2657,"1810, 1819"
87-2661,"1814, 1824"
87-2663L,"1835, 1839"
87-2663R,"1835, 1839"
87-2664,"3550, 3556, 3562, 3568"
87-2669,"3573, 3577"
87-2671,"3573, 3577"
8705-1330,"1810, 1819, 1827, 1832"
8705-1331,"1810, 1819, 1827, 1832"
8705-1332,"1193, 1195, 1197, 1200, 1202, 1204, 1206, 1209"
8705-1334,"3556, 3562, 3568"
8705-1335,"1186, 1187, 1188, 1189, 1190, 1191"
8705-1336,"3573, 3577"
8705-1337,"1826, 1833"
8705-1343,"3573, 3577"
8705-1392,"3550, 3556, 3562, 3568"
8705-1393,"1834, 1838"
8710-1337SPORT,"164, 167, 2528, 2578, 2714, 2719, 3180, 3185, 3193, 3199"
8710-1385SPORT,"171, 2575, 2583, 2714, 2719, 2729, 2730, 3187, 3190, 3195"
8710-1404SPORT,"158, 2506, 2513, 2519, 2522, 2626, 2630, 2633, 2636, 2650, 2651, 2652"
8710-1431SPORT,"173, 175, 183, 188, 196, 2532, 2581, 2585, 2735, 2741, 2746, 2749, 3203, 3207, 3212, 3217, 3221, 3227, 3234, 3240, 3244, 3247, 3251"
8710-1432SPORT,"175, 188, 2532, 2735, 2741, 3203, 3212, 3221, 3227, 3234, 3240, 3251"
8740-1574SPORT,2377
8741-1258SPORT,"3149, 3155, 3159, 3161, 3162, 3166, 3171"
8741-1259SPORT,"2512, 2521, 3162, 3166, 3172, 3174, 3176, 3178"
8741-1372SPORT,"853, 863"
8741-1390LSPORT,"694, 697, 703, 706, 716"
8741-1390RSPORT,"694, 697, 703, 706, 716"
8741-1404SPORT,"90, 97"
8741-1440LSPORT,"1856, 1877, 1881, 1902, 1906"
8741-1440RSPORT,"1856, 1877, 1881, 1902, 1906"
8741-1473SP1,56
8741-1473SPORT,"37, 39, 45, 55, 77"
8741-1476SPORT,"867, 875"
8741-1481LSPORT,"712, 718"
8741-1481RSPORT,"712, 718"
8741-1484LSPORT,"587, 590, 593, 719, 736, 749, 762"
8741-1484RSPORT,"587, 590, 593, 719, 736, 749, 762"
8741-1488SPORT,"3226, 3256"
8741-1490LSPORT,"1245, 1250, 1259"
8741-1490RSPORT,"1245, 1250, 1259"
8741-1512LSPORT,"1861, 1864, 1885, 1888, 1910, 1913, 1919, 1920, 1922, 1926, 1935, 1942, 1946"
8741-1512RSPORT,"1861, 1864, 1885, 1888, 1910, 1913, 1919, 1920, 1922, 1926, 1935, 1942, 1946"
8741-1535LSPORT,"729, 745, 759, 771"
8741-1535RSPORT,"729, 745, 759, 771"
8741-1541LSPORT,"2322, 2324, 2326, 2328, 2330, 2332, 2352, 2354, 2356"
8741-1541RSPORT,"2322, 2324, 2326, 2328, 2330, 2332, 2352, 2354, 2356"
8741-1543SPORT,"2337, 2339, 2341"
8741-1548SPORT,"150, 2503, 2510, 2518, 2525, 2638, 2641"
8741-1557LSPORT,"1252, 1253, 1261"
8741-1557RSPORT,"1252, 1253, 1261"
8741-1569SPORT,"598, 609, 775, 789, 801"
8741-1571SPORT,"202, 210, 224, 238, 253, 266, 2540, 2548, 2588, 2595, 2661, 2673, 3258, 3270, 3273, 3282, 3300, 3312, 3324"
8741-1572SPORT,"202, 207, 210, 221, 224, 235, 238, 250, 253, 264, 266, 277, 278, 280, 2540, 2548, 2588, 2595, 2661, 2673, 2685, 2686, 2688, 2695, 2696, 2697, 2698, 2705, 2707, 2709, 3258, 3273, 3286, 3289, 3292, 3294, 3296, 3298, 3300, 3312, 3324, 3337, 3339, 3341, 3343, 3345, 3347"
8741-1573SPORT,2377
8741-1582SPORT,"598, 609, 775, 789, 801"
8741-1591LSPORT,"602, 612, 788, 799"
8741-1591RSPORT,"602, 612, 788, 799"
8741-1600LSPORT,"1254, 1262"
8741-1600RSPORT,"1254, 1262"
8741-1608SPORT,"153, 2499, 2514, 2644, 2647"
8741-1610SPORT,"2378, 2380"
8741-1611SPORT,"2378, 2380"
8741-1621,"3550, 3556, 3562, 3568"
8741-1624,"3550, 3556, 3562, 3568"
8741-1625SPORT,"2343, 2345, 2347, 2361, 2363, 2365"
8745-1003,"867, 875"
8745-1005,"175, 188, 2532, 2735, 2741, 3203, 3212, 3221, 3234, 3240, 3251"
8745-1006,"175, 183, 188, 196, 2532, 2735, 2741, 3203, 3227, 3234"
8745-1012L,"1856, 1877, 1879, 1881, 1902, 1904, 1906"
8745-1012R,"1856, 1877, 1879, 1881, 1902, 1904, 1906"
8745-1014L,"587, 590, 593, 719, 736, 749, 762"
8745-1014R,"587, 590, 593, 719, 736, 749, 762"
8745-1020,"37, 39, 45, 56, 77"
8745-1022L,"694, 697, 703, 706, 716"
8745-1022R,"694, 697, 703, 706, 716"
8745-1029,"164, 167, 2528, 2578, 2714, 2719, 3180, 3193, 3199"
8745-1030,"171, 2575, 2714, 2719, 2729, 2730, 3185, 3187, 3190, 3195"
8745-1038,"3207, 3212, 3221, 3226, 3240, 3255, 3256"
8745-1053,"853, 863"
8745-1069,"158, 2506, 2626, 2630, 2633, 2636"
8745-1110L,"1245, 1250"
8745-1110R,"1245, 1250"
8745-1189L,"1861, 1864, 1885, 1888, 1910, 1913, 1919, 1920, 1922, 1926, 1935, 1942, 1946"
8745-1189R,"1861, 1864, 1885, 1888, 1910, 1913, 1919, 1920, 1922, 1926, 1935, 1942, 1946"
8745-1205L,"92, 1214, 2992, 3000, 3001, 3003"
8745-1205R,"92, 1214, 2992, 3000, 3001, 3003"
8745-1225,"173, 175, 183, 188, 196, 2581, 2585, 2746, 2749, 3217, 3227, 3244, 3247"
8745-1234L,"729, 745, 759, 771"
8745-1234R,"729, 745, 759, 771"
8745-1247L,"5, 7, 9, 11, 14, 15, 1171, 1173"
8745-1247R,"5, 7, 9, 11, 14, 15, 1171, 1173"
8745-1250L,"2322, 2324, 2326, 2328, 2330, 2332, 2352, 2354, 2356"
8745-1250R,"2322, 2324, 2326, 2328, 2330, 2332, 2352, 2354, 2356"
8745-1252L,"2334, 2335, 2336, 2358, 2359, 2360"
8745-1252R,"2334, 2335, 2336, 2358, 2359, 2360"
8745-1254,"2337, 2339, 2341"
8745-1278,"150, 2503, 2508, 2518, 2525, 2638, 2641"
8745-1318,"598, 609, 775, 789, 801"
8745-1324,"202, 210, 224, 238, 253, 266, 2540, 2548, 2588, 2595, 2661, 2673, 3258, 3270, 3273, 3282, 3300, 3312, 3324"
8745-1325,"210, 221, 224, 235, 238, 250, 264, 277, 278, 280, 2540, 2548, 2588, 2595, 2661, 2673, 2707, 2709, 3258, 3273, 3282, 3286, 3289, 3294, 3296, 3298, 3300, 3312, 3324, 3336, 3337, 3339, 3343, 3345, 3347"
8745-1328,2377
8745-1329,2377
8745-1356,"598, 609, 775, 789, 801"
8745-1377L,"1865, 1869, 1873, 1889, 1893, 1897, 1898, 1927, 1929, 1931"
8745-1377R,"1865, 1869, 1873, 1889, 1893, 1897, 1898, 1927, 1929, 1931"
8745-1378L,"602, 612, 788, 799"
8745-1378R,"602, 612, 788, 799"
8745-1380L,"1956, 1957, 1958, 1959, 1960, 1961"
8745-1380R,"1956, 1957, 1958, 1959, 1960, 1961"
8745-1388,"202, 207, 253, 2548, 2688, 2695, 2697, 2705, 3292, 3341"
8745-1394,"2378, 2380"
8745-1395,"2378, 2380"
8745-1396,"153, 2499, 2514, 2644, 2647"
8745-1415L,"1940, 1945, 1949, 1950"
8745-1415R,"1940, 1945, 1949, 1950"
8745-1420,"253, 266, 2688, 2698"
8745-1422,"2343, 2345, 2347, 2361, 2363, 2365"
8750-1001,"2504, 2526"
8750-1002,"164, 167, 2528, 2578, 2714, 2719, 3180, 3185, 3193, 3199"
8750-1004,"158, 2506, 2626, 2630, 2633, 2636"
8750-1005,"175, 183, 188, 196, 2532, 2581, 2585, 2735, 2741, 2746, 2749, 3203, 3207, 3212, 3217, 3221, 3234, 3240, 3244, 3247, 3251"
8750-1006,"175, 188, 2532, 2735, 2741, 3203, 3212, 3221, 3234, 3240, 3251"
8750-1008,"3149, 3155, 3159, 3161, 3162, 3166, 3171"
8750-1009,"2512, 2521, 3162, 3166, 3172, 3174, 3176, 3178"
8750-1012,"37, 39, 45, 56, 77"
8750-1021,2995
8750-1029L,"694, 697, 703, 706, 716"
8750-1029R,"694, 697, 703, 706, 716"
8750-1034L,"2996, 2999"
8750-1034R,"2996, 2999"
8750-1063,"171, 2575, 2714, 2719, 2729, 2730, 3187, 3190, 3195"
8750-1071,"853, 863"
8750-1074,"853, 863"
8750-1078L,"1856, 1878, 1881, 1903, 1906"
8750-1078R,"1856, 1878, 1881, 1903, 1906"
8750-1081L,"1239, 1240"
8750-1081R,"1239, 1240"
8750-1084L,"587, 590, 593, 719, 736, 749, 762"
8750-1084R,"587, 590, 593, 719, 736, 749, 762"
8750-1087L,"1248, 1250"
8750-1087R,"1248, 1250"
8750-1088L,"1245, 1259"
8750-1088R,"1245, 1259"
8750-1093L,"92, 1214, 2992, 3000, 3001, 3003"
8750-1093R,"92, 1214, 2992, 3000, 3001, 3003"
8750-1101L,"1241, 1242"
8750-1101R,"1241, 1242"
8750-1114,"150, 2503, 2510, 2518, 2525, 2638, 2641"
8750-1115,"202, 210, 224, 238, 253, 266, 2540, 2548, 2588, 2595, 2661, 2673, 3258, 3270, 3273, 3282, 3300, 3312, 3324"
8750-1116,"598, 609, 775, 789, 801"
8750-1123,"202, 207, 210, 221, 224, 235, 238, 250, 253, 266, 2540, 2548, 2588, 2595, 2661, 2673, 2688, 2698, 3258, 3273, 3286, 3289, 3300, 3312, 3324"
8750-1124L,72
8750-1124R,72
8750-1127L,"5, 7, 9, 11, 14, 15, 1171, 1173"
8750-1127R,"5, 7, 9, 11, 14, 15, 1171, 1173"
8750-1131L,"1865, 1869, 1873, 1889, 1893, 1897, 1898, 1927, 1929, 1931"
8750-1131R,"1865, 1869, 1873, 1889, 1893, 1897, 1898, 1927, 1929, 1931"
8750-1140L,"1861, 1864, 1885, 1888, 1910, 1913, 1919, 1920, 1922, 1926, 1935, 1942, 1946"
8750-1140R,"1861, 1864, 1885, 1888, 1910, 1913, 1919, 1920, 1922, 1926, 1935, 1942, 1946"
8750-1143L,"1951, 1952, 1953, 1954, 1955, 1962"
8750-1143R,"1951, 1952, 1953, 1954, 1955, 1962"
8750-1160L,"1257, 1258"
8750-1160R,"1257, 1258"
8750-1161L,"1243, 1244"
8750-1161R,"1243, 1244"
88-1826,1814
88-1877,1824
88-1879,1824
8805-1055,"1810, 1827"
8805-1056,"1810, 1827"
8805-1057,"1197, 1206"
8805-1059,"1197, 1206"
8805-1061,"1197, 1206"
8805-1083,"1819, 1832"
8805-1084,"1819, 1832"
8805-1086,"1819, 1832"
8805-1087,1826
8805-1088,1833
90-5374SP1,"1562, 1568, 1572, 1576, 1579, 1581, 1585, 1591, 1598, 1603"
90-5375SP1,"1562, 1568, 1572, 1576, 1581, 1585, 1591, 1598, 1603"
90-5401,"1562, 1568, 1572, 1579, 1581, 1585, 1591, 1598, 1603"
90-5476,"1843, 1846"
90-5478,"1843, 1846"
905 1000,"286, 297"
905 1001,"289, 297"
905 1003,"703, 706"
905 1004,"719, 736"
905 1005,"719, 749"
905 1006,"719, 736, 762"
905 1007,867
905 1008,"5, 7, 9, 11, 14, 15, 3258"
905 1012,"1861, 1864, 1885, 1888, 1910, 1913"
905 1013,"3217, 3247"
905 1014,3258
905 1020,867
9905-1003,"1596, 1597"
9905-1004,"1596, 1597"
AL-CL1030,"69, 95"
AL-CL1390,"67, 70, 71, 73"
AL-SA1027,"37, 39, 45, 56, 77"
AL-SA1299,92
AL-SP1012,"59, 60, 74, 81"
AL-SP1013,"60, 81"
AL-SP1027,"37, 39, 45, 55, 77"
AL-SP1030,"69, 93, 95"
AL-SP1287,"90, 97"
AL-SP1620,"51, 52, 64, 98"
AL-SP1709,56
AL-ST1027,"37, 39, 45, 56, 77"
AL-ST1299,92
AL-ST1312,72
BM-SA1158,706
BM-SA1159,"694, 697, 703, 706, 716"
BM-SA1167,"719, 736, 749, 762"
BM-SA1200,867
BM-SA1201,875
BM-SA1205,"587, 590, 593"
BM-SA1217,863
BM-SA1235,"598, 609, 775, 789, 801"
BM-SA1243,"598, 609, 775, 789, 801"
BM-SA1245,"602, 612, 788, 799"
BM-SA1246,"1956, 1957, 1958, 1959, 1960, 1961"
BM-SA1285,853
BM-SA1619,"729, 745, 759, 771"
BM-SP1157,853
BM-SP1158,706
BM-SP1159,"694, 697, 703, 706, 716"
BM-SP1165,"712, 718"
BM-SP1167,"719, 736, 749, 762"
BM-SP1200,867
BM-SP1205,"587, 590, 593"
BM-SP1235,"598, 609, 775, 789, 801"
BM-SP1243,"598, 609, 775, 789, 801"
BM-SP1245,"602, 612, 788, 799"
BM-SP1619,"729, 745, 759, 771"
BM-SP1624,"602, 612"
BM-ST1158,"694, 697, 703, 706, 716"
BM-ST1167,"719, 736, 749, 762"
BM-ST1205,"587, 590, 593"
BM-ST1235,"598, 609, 775, 789, 801"
BM-ST1285,853
BM-ST1286,853
FI-CL1465,1166
FI-SA1062,"3, 1164, 1669"
FI-SA1120,"1193, 1195, 1200, 1202, 1204, 1209"
FI-SA1121,"1193, 1195, 1200, 1202, 1204, 1209"
FI-SA1122,"1197, 1206"
FI-SA1123,"1197, 1206"
FI-SA1124,"1197, 1206"
FI-SA1229,"5, 7, 9, 11, 14, 15, 1171, 1173"
FI-SA1299,1214
FI-SA1351,"1186, 1187, 1188, 1189, 1190, 1191"
FI-SP1062,"3, 1164, 1669"
FI-ST1229,"5, 7, 9, 11, 14, 15, 1171, 1173"
FI-ST1298,1214
FI-ST1299,1214
FO-SA1222,1250
FO-SP1179,1261
FO-SP1194,1254
FO-SP1195,1262
FO-SP1296,"1250, 1259"
FO-SP1515,1253
FO-ST1222,1250
FO-ST1290,"1239, 1240"
FO-ST1296,1259
FO-ST1336,"1241, 1242"
FO-ST1769,"1257, 1258"
FO-ST1770,"1243, 1244"
HO-SP1532,17
JA-CL1011,"1509, 1510"
JA-CL1032,1511
JA-CL1033,"1512, 1513, 1514, 1522"
JA-CL1034,"1517, 1518, 1519, 1520"
JA-CL1036,"1507, 1508"
JA-CL1573,1515
LA-HT1004,"1562, 1576, 1585, 1598, 1603"
LA-HT1046,1595
LA-HT1047,"1568, 1572, 1581"
LA-HT1048,"1562, 1585, 1598, 1603"
LA-HT1772,1591
LA-HT1773,1591
LA-RD1004,"1562, 1568, 1572, 1576, 1581, 1585, 1591, 1598, 1603"
LA-RD1063,"1596, 1597"
LA-RD1386,"1562, 1568, 1572, 1579, 1581, 1585, 1591, 1598, 1603"
MA-SA1021,1660
MA-SA1022,1663
MA-SA1061,1666
MA-SA1418,"1657, 1658"
MA-SP1021,1660
MA-SP1023,1663
MA-SP1061,1666
MA-ST1021,1660
MA-ST1023,1663
MA-ST1061,1666
ME-SA1115,"1810, 1827"
ME-SA1116,"1819, 1832"
ME-SA1117,"1819, 1832"
ME-SA1118,"1810, 1827"
ME-SA1119,"1819, 1832"
ME-SA1127,"1834, 1838"
ME-SA1361,1826
ME-SA1362,1833
ME-SP1115,1810
ME-SP1116,1819
ME-SP1118,1810
ME-SP1119,1819
ME-SP1425,1814
ME-SP1427,1824
ME-SP1428,1824
ME-SP1614,"1835, 1839"
MG-CL1464,"1849, 1850, 1851, 1852, 1853, 1854"
MI-CL1008,"578, 581, 582, 583, 2439"
MI-CL1029,"578, 2439"
MI-SA1162,"1856, 1877, 1879, 1881, 1902, 1904, 1906"
MI-SA1172,"1861, 1864, 1885, 1888, 1910, 1913, 1919, 1920, 1922, 1926, 1935, 1942, 1946"
MI-SA1244,"1865, 1869, 1873, 1889, 1893, 1897, 1898, 1927, 1929, 1931"
MI-SA1252,"1940, 1945, 1949, 1950"
MI-SP1008,"578, 2439"
MI-SP1162,"1856, 1877, 1881, 1902, 1906"
MI-SP1172,"1861, 1864, 1885, 1888, 1910, 1913, 1919, 1920, 1922, 1926, 1935, 1942, 1946"
MI-ST1162,"1856, 1878, 1881, 1903, 1906"
MI-ST1364,"1865, 1869, 1873, 1889, 1893, 1897, 1898, 1927, 1929, 1931"
MI-ST1756,"1861, 1864, 1885, 1888, 1910, 1913, 1919, 1920, 1922, 1926, 1935, 1942, 1946"
MI-ST1757,"1951, 1952, 1953, 1954, 1955, 1962"
NI-HT1041,"1843, 1846"
NI-RD1041,"1843, 1846"
NI-SA1041,"1843, 1846"
O26-1580,"1585, 1591, 1603"
O26-1761,"1562, 1568, 1572, 1576, 1581"
PN-SP1444,2320
PO-CL1097,2350
PO-CL1098,2350
PO-SA1174,"2324, 2328, 2332, 2352, 2354, 2356"
PO-SA1175,"2337, 2339, 2341"
PO-SA1190,2377
PO-SA1198,"2378, 2380"
PO-SA1231,"2334, 2335, 2336, 2358, 2359, 2360"
PO-SA1421,"2343, 2345, 2347, 2361, 2363, 2365"
PO-SP1109,"2320, 2321, 2373, 2374, 2375"
PO-SP1174,"2324, 2328, 2332, 2352, 2354, 2356"
PO-SP1175,"2337, 2339, 2341"
PO-SP1190,2377
PO-SP1198,"2378, 2380"
PO-SP1505,2320
PO-SP1572,2350
PO-SP1630,"2343, 2345, 2347, 2361, 2363, 2365"
VAG-SA1050,"286, 289, 294, 297"
VAG-SA1067,"302, 308, 312"
VAG-SA1070,"302, 308, 312, 318"
VAG-SA1074,"321, 327, 333, 339"
VAG-SA1075,"321, 327, 333, 339"
VAG-SA1076,"321, 327, 333, 339"
VAG-SA1125,"3556, 3562, 3568"
VAG-SA1126,"3550, 3556, 3562, 3568"
VAG-SA1149,"3573, 3577"
VAG-SA1150,"3573, 3577"
VAG-SA1202,"175, 188, 2532, 2735, 2741, 3203, 3212, 3221, 3234, 3240, 3251"
VAG-SA1203,"175, 183, 188, 196, 2532, 2735, 2741, 3203, 3227, 3234"
VAG-SA1210,"164, 2528, 2578, 2714, 2719, 3180, 3199"
VAG-SA1211,167
VAG-SA1212,"2714, 2719, 2729, 2730"
VAG-SA1213,"171, 2575, 3185, 3187, 3190, 3195"
VAG-SA1214,"3207, 3212, 3221, 3240, 3255"
VAG-SA1215,"3226, 3256"
VAG-SA1218,"158, 2506, 2626, 2630, 2633, 2636"
VAG-SA1227,"173, 175, 183, 188, 196, 2581, 2585, 2746, 2749, 3217, 3227, 3244, 3247"
VAG-SA1233,"150, 2503, 2508, 2518, 2525, 2638, 2641"
VAG-SA1236,"210, 224, 238, 253, 266, 2540, 2548, 2588, 2595, 2661, 2673, 3258, 3273, 3300, 3312, 3324"
VAG-SA1237,"210, 224, 238, 2540, 2548, 2588, 2595, 2661, 2673, 3258, 3270, 3273, 3282, 3300, 3312, 3324"
VAG-SA1238,"238, 2540, 2548, 2588, 2595, 2661, 2673, 3258, 3273, 3300, 3312, 3324"
VAG-SA1239,"210, 221, 224, 235, 238, 250, 278, 280, 2540, 2588, 2595, 2661, 2673, 3258, 3286, 3289, 3294, 3296, 3298, 3312, 3324"
VAG-SA1240,"3282, 3336"
VAG-SA1241,"264, 277, 2707, 2709, 3337, 3339, 3343, 3345, 3347"
VAG-SA1248,"253, 2548, 2688, 2695, 2697, 2705"
VAG-SA1251,"153, 2499, 2514, 2644, 2647"
VAG-SA1253,"253, 266, 2688, 2698"
VAG-SA1254,"253, 266, 2688, 2698"
VAG-SA1643,"3292, 3341"
VAG-SA1747,202
VAG-SA1748,"202, 207"
VAG-SP1050,"286, 289, 293, 294, 297"
VAG-SP1067,"302, 308, 312"
VAG-SP1070,"302, 308, 312, 318"
VAG-SP1075,"321, 327, 333, 339"
VAG-SP1076,"321, 327, 333, 339"
VAG-SP1114,"3140, 3145, 3146"
VAG-SP1125,"3550, 3556, 3562, 3568"
VAG-SP1126,"3550, 3556, 3562, 3568"
VAG-SP1149,"3573, 3577"
VAG-SP1150,"3573, 3577"
VAG-SP1202,"175, 188, 2532, 2735, 2741, 3203, 3212, 3221, 3234, 3240, 3251"
VAG-SP1203,"175, 183, 188, 196, 2532, 2581, 2585, 2735, 2741, 2746, 2749, 3203, 3207, 3212, 3217, 3221, 3234, 3240, 3244, 3247, 3251"
VAG-SP1210,"164, 2528, 2578, 2719, 3180, 3199"
VAG-SP1211,"167, 3185"
VAG-SP1212,"2583, 2719, 2729"
VAG-SP1213,"171, 2575, 3187, 3190, 3195"
VAG-SP1215,"3226, 3256"
VAG-SP1218,"158, 2506, 2513, 2519, 2522, 2626, 2630, 2633, 2636, 2650, 2651, 2652"
VAG-SP1233,"150, 2503, 2510, 2518, 2525, 2638, 2641"
VAG-SP1236,"210, 224, 238, 253, 266, 2540, 2548, 2588, 2595, 2661, 2673, 3258, 3273, 3300, 3312, 3324"
VAG-SP1237,"210, 224, 238, 2540, 2548, 2588, 2595, 2661, 2673, 3258, 3270, 3273, 3282, 3300, 3312, 3324"
VAG-SP1238,"210, 224, 238, 253, 266, 2540, 2548, 2588, 2595, 2661, 2673, 2688, 2698, 3258, 3273, 3300, 3312, 3324"
VAG-SP1239,"210, 221, 224, 235, 238, 250, 253, 266, 278, 280, 2540, 2595, 2661, 2673, 2685, 2686, 2688, 2698, 3258, 3286, 3289, 3292, 3294, 3296, 3298, 3300, 3312, 3324, 3341"
VAG-SP1241,"264, 277, 2695, 2696, 2697, 2705, 2707, 2709, 3337, 3339, 3343, 3345, 3347"
VAG-SP1251,"153, 2499, 2514, 2644, 2647"
VAG-SP1263,"3149, 3155, 3162, 3166"
VAG-SP1264,"3155, 3161"
VAG-SP1265,"3162, 3166, 3172, 3174, 3176, 3178"
VAG-SP1430,"3550, 3556, 3562, 3568"
VAG-SP1431,"3550, 3556, 3562, 3568"
VAG-SP1494,3152
VAG-SP1500,"2714, 3193"
VAG-SP1501,"2714, 2730"
VAG-SP1517,"173, 3227"
VAG-SP1518,3227
VAG-SP1740,202
VAG-SP1742,"202, 207"
VAG-ST1050,"286, 289, 293, 294, 297"
VAG-ST1067,"302, 308, 312"
VAG-ST1070,"302, 308, 312, 318"
VAG-ST1113,"3140, 3145, 3146"
VAG-ST1202,"175, 188, 2532, 2735, 2741, 3203, 3212, 3221, 3234, 3240, 3251"
VAG-ST1203,"175, 183, 188, 196, 2532, 2585, 2735, 2741, 2746, 2749, 3203, 3207, 3212, 3217, 3221, 3234, 3240, 3244, 3247, 3251"
VAG-ST1210,"164, 2528, 2578, 2719, 3180, 3199"
VAG-ST1211,"167, 3185"
VAG-ST1212,"2719, 2729"
VAG-ST1213,"171, 2575, 3187, 3190, 3195"
VAG-ST1218,"158, 2506, 2626, 2630, 2633, 2636"
VAG-ST1233,"150, 2503, 2510, 2518, 2525, 2638, 2641"
VAG-ST1236,"210, 224, 238, 253, 266, 2540, 2548, 2588, 2595, 2661, 2673, 3258, 3273, 3300, 3312, 3324"
VAG-ST1237,"202, 210, 224, 238, 2540, 2548, 2588, 2595, 2661, 2673, 3258, 3270, 3273, 3282, 3300, 3312, 3324"
VAG-ST1238,"210, 224, 238, 253, 266, 2540, 2548, 2588, 2595, 2661, 2673, 2688, 2698, 3258, 3273, 3300, 3312, 3324"
VAG-ST1239,"202, 207, 210, 221, 224, 235, 238, 250, 253, 266, 2540, 2588, 2595, 2661, 2673, 2688, 2698, 3258, 3286, 3289, 3300, 3312, 3324"
VAG-ST1255,2504
VAG-ST1257,"2714, 3193"
VAG-ST1263,"3149, 3155, 3162, 3166"
VAG-ST1264,"3155, 3161"
VAG-ST1265,"3162, 3166, 3172, 3174, 3176, 3178"
VAG-ST1549,"2714, 2730"
VAG-ST1754,2581
VX-SA1299,"2992, 3000, 3001, 3003"
VX-ST1271,2995
VX-ST1279,"2996, 2999"
VX-ST1299,"2992, 3000, 3001, 3003"
tba,"207, 210, 853, 1865, 1869, 1873, 1889, 1893, 1897, 1898, 1927, 1929, 1931, 2644, 2647, 2661, 2673, 2685, 2686"
